,Internet_Penetration_Rate,Internet_Penetration_Rate,Internet_Penetration_Rate,Internet_Penetration_Rate,Internet_Penetration_Rate,Internet_Penetration_Rate,Internet_Penetration_Rate,Internet_Penetration_Rate,Internet_Penetration_Rate,Internet_Penetration_Rate,Internet_Penetration_Rate,Internet_Penetration_Rate,Internet_Penetration_Rate,Internet_Penetration_Rate,Internet_Penetration_Rate,coal,coal,coal,coal,coal,coal,coal,coal,coal,coal,coal,coal,coal,coal,coal,electricity_generation,electricity_generation,electricity_generation,electricity_generation,electricity_generation,electricity_generation,electricity_generation,electricity_generation,electricity_generation,electricity_generation,electricity_generation,electricity_generation,electricity_generation,electricity_generation,electricity_generation
year,1994,1995,1996,1997,1998,1999,2000,2001,2002,2003,2004,2005,2006,2007,2008,1994,1995,1996,1997,1998,1999,2000,2001,2002,2003,2004,2005,2006,2007,2008,1994,1995,1996,1997,1998,1999,2000,2001,2002,2003,2004,2005,2006,2007,2008
country,,,,,,,,,,,,,,,,,,,,,,,,,,,,,,,,,,,,,,,,,,,,,
China,0.0011900826446280992,0.005040983606557377,0.013333333333333334,0.032983870967741934,0.1712,0.7206349206349206,1.8174603174603172,2.7007874015748032,4.6953125,6.317829457364341,7.430769230769231,8.692307692307692,10.763358778625955,16.28787878787879,23.007518796992482,657000000.0,665000000.0,696000000.0,682000000.0,677000000.0,696000000.0,706000000.0,743000000.0,814000000.0,970000000.0,1130000000.0,1320000000.0,1450000000.0,1580000000.0,1610000000.0,928000000000.0,1010000000000.0,1080000000000.0,1140000000000.0,1170000000000.0,1240000000000.0,1360000000000.0,1480000000000.0,1650000000000.0,1910000000000.0,2200000000000.0,2500000000000.0,2870000000000.0,3280000000000.0,3500000000000.0
