,GDP_USD_Total,GDP_USD_Total,GDP_USD_Total,GDP_USD_Total,GDP_USD_Total,GDP_USD_Total,GDP_USD_Total,GDP_USD_Total,GDP_USD_Total,GDP_USD_Total,GDP_USD_Total,GDP_USD_Total,GDP_USD_Total,GDP_USD_Total,GDP_USD_Total,Internet_Penetration_Rate,Internet_Penetration_Rate,Internet_Penetration_Rate,Internet_Penetration_Rate,Internet_Penetration_Rate,Internet_Penetration_Rate,Internet_Penetration_Rate,Internet_Penetration_Rate,Internet_Penetration_Rate,Internet_Penetration_Rate,Internet_Penetration_Rate,Internet_Penetration_Rate,Internet_Penetration_Rate,Internet_Penetration_Rate,Internet_Penetration_Rate,cell_phone_total,cell_phone_total,cell_phone_total,cell_phone_total,cell_phone_total,cell_phone_total,cell_phone_total,cell_phone_total,cell_phone_total,cell_phone_total,cell_phone_total,cell_phone_total,cell_phone_total,cell_phone_total,cell_phone_total,daily_income,daily_income,daily_income,daily_income,daily_income,daily_income,daily_income,daily_income,daily_income,daily_income,daily_income,daily_income,daily_income,daily_income,daily_income
year,1994,1995,1996,1997,1998,1999,2000,2001,2002,2003,2004,2005,2006,2007,2008,1994,1995,1996,1997,1998,1999,2000,2001,2002,2003,2004,2005,2006,2007,2008,1994,1995,1996,1997,1998,1999,2000,2001,2002,2003,2004,2005,2006,2007,2008,1994,1995,1996,1997,1998,1999,2000,2001,2002,2003,2004,2005,2006,2007,2008
country,,,,,,,,,,,,,,,,,,,,,,,,,,,,,,,,,,,,,,,,,,,,,,,,,,,,,,,,,,,,
China,1650000000000.0,1830000000000.0,2009999999999.0,2200000000000.0,2370000000000.0,2550000000000.0,2770000000000.0,3000000000000.0,3280000000000.0,3600000000000.0,3970000000000.0,4420000000000.0,4980000000000.0,5690000000000.0,6240000000000.0,0.0011900826446280992,0.005040983606557377,0.013333333333333334,0.032983870967741934,0.1712,0.7206349206349206,1.8174603174603172,2.7007874015748032,4.6953125,6.317829457364341,7.430769230769231,8.692307692307692,10.763358778625955,16.28787878787879,23.007518796992482,1570000.0,3630000.0,6850000.0,13200000.0,23900000.0,43300000.0,85300000.0,145000000.0,206000000.0,270000000.0,335000000.0,393000000.0,461000000.0,547000000.0,641000000.0,2.39,2.59,2.8,2.89,2.99,3.08,3.34,3.61,3.91,4.27,4.66,5.09,5.45,5.84,6.26
